INSERT INTO jobs
VALUES
(101, 'Production Technician I', 37500, 77887),
(102, 'Production Technician II', 37500, 104806),
(103, 'IT Manager - Infra', 84696, 84696),
(104, 'IT Manager - Support', 83993, 83993),
(105, 'CIO', 102280, 102280),
(106, 'IT Support', 30178, 42750),
(107, 'Area Sales Manager', 61020, 147174),
(108, 'Administrative Assistant', 34381, 72000),
(109, 'Production Manager', 80231, 121070),
(110, 'Data Analyst', 58908, 85700),
(111, 'Software Engineer', 37500, 103124),
(112, 'Network Engineer', 42782, 57890),
(113, 'IT Director', 140390, 140390),
(114, 'Director of Operations', 163788, 163788),
(115, 'Shared Services Manager', 78453, 106344),
(116, 'President & CEO', 167230, 167230),
(117, 'Accountant I', 42855, 57460),
(118, 'Sales Manager', 83190, 83190),
(119, 'Director of Sales', 150757, 150757),
(120, 'Sr. Accountant', 74904, 76874),
(121, 'BI Director', 156605, 156605),
(122, 'Sr. Network Engineer', 58883, 101559),
(123, 'Database Administrator', 59745, 86334),
(124, 'BI Developer', 62017, 94344),
(125, 'Senior BI Developer', 67598, 72828),
(126, 'IT Manager - DB', 92019, 92019),
(127, 'Sr. DBA', 77634, 104121),
(128, 'Software Engineering Manager', 89572, 89572),
(129, 'Principal Data Architect', 89566, 89566),
(130, 'Data Architect', 94624, 94624),
(131, 'Enterprise Architect', 72142, 72142)
;


INSERT INTO department
VALUES
(1, 'Administration'),
(2, 'IT/IS'),
(3, 'Production'),
(4, 'Sales'),
(5, 'Z Management')
;

INSERT INTO branch
VALUES
('ARG', 'Buenos Aires', 'Argentina'),
('LI', 'Lima', 'Peru'),
('URU', 'Montevideo', 'Uruguay')
;

INSERT INTO job_history
VALUES
(10005, 101, 3, '2014-01-25', '1900-01-01', 'Not provided', 3, 'Fully Meets', 'No'),
(10007, 101, 3, '2014-02-04', '1900-01-01', 'Not provided', 3, 'Fully Meets', 'No'),
(10009, 101, 3, '2014-02-09', '1900-01-01', 'Not provided', 4, 'Fully Meets', 'No'),
(10015, 101, 3, '2014-05-02', '1900-01-01', 'Not provided', 4, 'Fully Meets', 'No'),
(10040, 101, 3, '2014-10-07', '1900-01-01', 'Not provided', 3, 'Fully Meets', 'No'),
(10055, 101, 3, '2014-12-21', '1900-01-01', 'Not provided', 5, 'Fully Meets', 'No'),
(10079, 101, 3, '2015-06-07', '1900-01-01', 'Not provided', 5, 'Fully Meets', 'No'),
(10106, 101, 3, '2015-12-11', '1900-01-01', 'Not provided', 5, 'Fully Meets', 'No'),
(10109, 101, 3, '2016-01-31', '1900-01-01', 'Not provided', 3, 'Fully Meets', 'No'),
(10111, 101, 3, '2016-02-28', '1900-01-01', 'Not provided', 5, 'Fully Meets', 'No'),
(10118, 101, 3, '2016-03-29', '1900-01-01', 'Not provided', 4, 'Fully Meets', 'No'),
(10119, 101, 3, '2016-04-02', '1900-01-01', 'Not provided', 3, 'Fully Meets', 'No'),
(10136, 101, 3, '2016-08-04', '1900-01-01', 'Not provided', 4, 'Fully Meets', 'No'),
(10143, 101, 3, '2016-10-11', '1900-01-01', 'Not provided', 5, 'Fully Meets', 'No'),
(10144, 101, 3, '2016-10-23', '1900-01-01', 'Not provided', 4, 'Fully Meets', 'No'),
(10149, 101, 3, '2016-11-24', '1900-01-01', 'Not provided', 4, 'Fully Meets', 'No'),
(10152, 101, 3, '2016-12-15', '1900-01-01', 'Not provided', 4, 'Fully Meets', 'No'),
(10153, 101, 3, '2016-12-16', '1900-01-01', 'Not provided', 5, 'Fully Meets', 'No'),
(10155, 101, 3, '2016-12-30', '1900-01-01', 'Not provided', 4, 'Fully Meets', 'No'),
(10163, 101, 3, '2017-02-25', '1900-01-01', 'Not provided', 5, 'Fully Meets', 'No'),
(10167, 101, 3, '2017-03-13', '1900-01-01', 'Not provided', 3, 'Fully Meets', 'No'),
(10173, 101, 3, '2017-04-13', '1900-01-01', 'Not provided', 4, 'Fully Meets', 'No'),
(10174, 101, 3, '2017-04-13', '1900-01-01', 'Not provided', 5, 'Fully Meets', 'No'),
(10207, 101, 3, '2018-01-24', '1900-01-01', 'Not provided', 4, 'Fully Meets', 'No'),
(10211, 101, 3, '2018-03-16', '1900-01-01', 'Not provided', 5, 'Fully Meets', 'No'),
(10215, 101, 3, '2018-03-31', '1900-01-01', 'Not provided', 4, 'Fully Meets', 'No'),
(10221, 101, 3, '2018-05-26', '1900-01-01', 'Not provided', 4, 'Fully Meets', 'No'),
(10224, 101, 3, '2018-06-06', '1900-01-01', 'Not provided', 4, 'Fully Meets', 'No'),
(10225, 101, 3, '2018-06-08', '1900-01-01', 'Not provided', 3, 'Fully Meets', 'No'),
(10226, 101, 3, '2018-06-19', '1900-01-01', 'Not provided', 3, 'Fully Meets', 'No'),
(10247, 101, 3, '2018-12-08', '1900-01-01', 'Not provided', 3, 'Fully Meets', 'No'),
(10274, 101, 3, '2019-05-26', '1900-01-01', 'Not provided', 2, 'Fully Meets', 'No'),
(10304, 101, 3, '2019-11-26', '1900-01-01', 'Not provided', 4, 'Fully Meets', 'No'),
(10253, 101, 3, '2019-01-12', '1900-01-01', 'Not provided', 5, 'Fully Meets', 'No'),
(10267, 101, 3, '2019-04-20', '1900-01-01', 'Not provided', 3, 'Fully Meets', 'No'),
(10268, 101, 3, '2019-04-22', '1900-01-01', 'Not provided', 5, 'Fully Meets', 'No'),
(10001, 101, 3, '2014-01-08', '1900-01-01', 'Not provided', 3, 'Fully Meets', 'No'),
(10018, 101, 3, '2014-05-18', '1900-01-01', 'Not provided', 3, 'Fully Meets', 'No'),
(10024, 101, 3, '2014-07-26', '1900-01-01', 'Not provided', 5, 'Fully Meets', 'No'),
(10028, 101, 3, '2014-08-12', '1900-01-01', 'Not provided', 3, 'Fully Meets', 'No'),
(10029, 101, 3, '2014-08-15', '1900-01-01', 'Not provided', 4, 'Fully Meets', 'No'),
(10030, 101, 3, '2014-08-25', '1900-01-01', 'Not provided', 4, 'Fully Meets', 'No'),
(10051, 101, 3, '2014-12-14', '1900-01-01', 'Not provided', 4, 'Fully Meets', 'No'),
(10054, 101, 3, '2014-12-19', '1900-01-01', 'Not provided', 5, 'Fully Meets', 'No'),
(10065, 101, 3, '2015-03-02', '1900-01-01', 'Not provided', 3, 'Fully Meets', 'No'),
(10100, 101, 3, '2015-11-19', '1900-01-01', 'Not provided', 3, 'Fully Meets', 'No'),
(10102, 101, 3, '2015-11-28', '1900-01-01', 'Not provided', 3, 'Fully Meets', 'No'),
(10113, 101, 3, '2016-02-29', '1900-01-01', 'Not provided', 5, 'Fully Meets', 'No'),
(10117, 101, 3, '2016-03-23', '1900-01-01', 'Not provided', 4, 'Fully Meets', 'No'),
(10120, 101, 3, '2016-04-16', '1900-01-01', 'Not provided', 3, 'Fully Meets', 'No'),
(10125, 101, 3, '2016-05-26', '1900-01-01', 'Not provided', 5, 'Fully Meets', 'No'),
(10128, 101, 3, '2016-06-16', '1900-01-01', 'Not provided', 3, 'Fully Meets', 'No'),
(10147, 101, 3, '2016-11-04', '1900-01-01', 'Not provided', 3, 'Fully Meets', 'No'),
(10156, 101, 3, '2017-01-03', '1900-01-01', 'Not provided', 5, 'Fully Meets', 'No'),
(10160, 101, 3, '2017-02-09', '1900-01-01', 'Not provided', 4, 'Fully Meets', 'No'),
(10166, 101, 3, '2017-03-07', '1900-01-01', 'Not provided', 3, 'Fully Meets', 'No'),
(10181, 101, 3, '2017-05-21', '1900-01-01', 'Not provided', 4, 'Fully Meets', 'No'),
(10194, 101, 3, '2017-10-12', '1900-01-01', 'Not provided', 5, 'Fully Meets', 'No'),
(10199, 101, 3, '2017-11-23', '1900-01-01', 'Not provided', 3, 'Fully Meets', 'No'),
(10202, 101, 3, '2017-12-18', '1900-01-01', 'Not provided', 3, 'Fully Meets', 'No'),
(10178, 101, 3, '2017-05-01', '1900-01-01', 'Not provided', 5, 'Fully Meets', 'No'),
(10182, 101, 3, '2017-05-25', '1900-01-01', 'Not provided', 3, 'Fully Meets', 'No'),
(10219, 101, 3, '2018-05-08', '1900-01-01', 'Not provided', 5, 'Fully Meets', 'No'),
(10239, 101, 3, '2018-09-17', '1900-01-01', 'Not provided', 5, 'Fully Meets', 'No'),
(10250, 101, 3, '2018-12-25', '1900-01-01', 'Not provided', 4, 'Fully Meets', 'No'),
(10272, 101, 3, '2019-05-18', '1900-01-01', 'Not provided', 2, 'Fully Meets', 'No'),
(10282, 101, 3, '2019-07-19', '1900-01-01', 'Not provided', 4, 'Fully Meets', 'No'),
(10285, 101, 3, '2019-07-29', '1900-01-01', 'Not provided', 3, 'Fully Meets', 'No'),
(10286, 101, 3, '2019-08-01', '1900-01-01', 'Not provided', 2, 'Fully Meets', 'No'),
(10292, 101, 3, '2019-08-26', '1900-01-01', 'Not provided', 5, 'Fully Meets', 'No'),
(10296, 101, 3, '2019-10-08', '1900-01-01', 'Not provided', 5, 'Fully Meets', 'No'),
(10297, 101, 3, '2019-10-18', '1900-01-01', 'Not provided', 3, 'Fully Meets', 'No'),
(10299, 101, 3, '2019-10-29', '1900-01-01', 'Not provided', 5, 'Fully Meets', 'No'),
(10308, 101, 3, '2019-12-19', '1900-01-01', 'Not provided', 2, 'Fully Meets', 'No'),
(10000, 101, 3, '2014-01-02', '1900-01-01', 'Not provided', 4, 'Exceeds', 'No'),
(10038, 101, 3, '2014-09-29', '1900-01-01', 'Not provided', 3, 'Needs Improvement', 'No'),
(10042, 101, 3, '2014-10-23', '1900-01-01', 'Not provided', 4, 'Exceeds', 'No'),
(10044, 101, 3, '2014-11-10', '1900-01-01', 'Not provided', 2, 'PIP', 'No'),
(10071, 101, 3, '2015-04-09', '1900-01-01', 'Not provided', 4, 'Needs Improvement', 'No'),
(10075, 101, 3, '2015-05-09', '1900-01-01', 'Not provided', 4, 'Exceeds', 'No'),
(10077, 101, 3, '2015-05-23', '1900-01-01', 'Not provided', 5, 'Exceeds', 'No'),
(10087, 101, 3, '2015-07-19', '1900-01-01', 'Not provided', 5, 'Needs Improvement', 'No'),
(10115, 101, 3, '2016-03-04', '1900-01-01', 'Not provided', 5, 'Exceeds', 'No'),
(10124, 101, 3, '2016-05-02', '1900-01-01', 'Not provided', 4, 'Needs Improvement', 'No'),
(10139, 101, 3, '2016-08-17', '1900-01-01', 'Not provided', 5, 'PIP', 'No'),
(10158, 101, 3, '2017-01-18', '1900-01-01', 'Not provided', 4, 'Exceeds', 'No'),
(10164, 101, 3, '2017-03-04', '1900-01-01', 'Not provided', 4, 'Needs Improvement', 'No'),
(10198, 101, 3, '2017-10-26', '1900-01-01', 'Not provided', 2, 'PIP', 'No'),
(10192, 101, 3, '2017-09-20', '1900-01-01', 'Not provided', 5, 'Exceeds', 'No'),
(10209, 101, 3, '2018-02-20', '1900-01-01', 'Not provided', 4, 'Exceeds', 'No'),
(10227, 101, 3, '2018-06-20', '1900-01-01', 'Not provided', 3, 'Needs Improvement', 'No'),
(10232, 101, 3, '2018-08-19', '1900-01-01', 'Not provided', 5, 'Exceeds', 'No'),
(10248, 101, 3, '2018-12-08', '1900-01-01', 'Not provided', 5, 'Exceeds', 'No'),
(10271, 101, 3, '2019-05-14', '1900-01-01', 'Not provided', 3, 'Exceeds', 'No'),
(10300, 101, 3, '2019-10-31', '1900-01-01', 'Not provided', 3, 'Exceeds', 'No'),
(10265, 101, 3, '2019-04-06', '1900-01-01', 'Not provided', 3, 'Exceeds', 'No'),
(10269, 101, 3, '2019-05-09', '1900-01-01', 'Not provided', 3, 'Exceeds', 'No'),
(10011, 102, 3, '2014-04-13', '1900-01-01', 'Not provided', 4, 'Exceeds', 'No'),
(10045, 103, 2, '2014-11-27', '1900-01-01', 'Not provided', 3, 'Needs Improvement', 'Yes'),
(10047, 102, 3, '2014-12-05', '1900-01-01', 'Not provided', 1, 'PIP', 'No'),
(10057, 104, 2, '2014-12-29', '1900-01-01', 'Not provided', 5, 'Exceeds', 'Yes'),
(10080, 105, 5, '2015-06-09', '1900-01-01', 'Not provided', 5, 'Exceeds', 'Yes'),
(10086, 106, 2, '2015-07-12', '1900-01-01', 'Not provided', 4, 'Exceeds', 'No'),
(10092, 107, 4, '2015-08-31', '1900-01-01', 'Not provided', 3, 'Exceeds', 'Yes'),
(10095, 102, 3, '2015-10-23', '1900-01-01', 'Not provided', 4, 'Exceeds', 'No'),
(10096, 108, 4, '2015-10-30', '1900-01-01', 'Not provided', 2, 'PIP', 'No'),
(10123, 108, 4, '2016-04-29', '1900-01-01', 'Not provided', 4, 'Needs Improvement', 'No'),
(10140, 109, 3, '2016-08-20', '1900-01-01', 'Not provided', 3, 'Exceeds', 'Yes'),
(10145, 102, 3, '2016-10-25', '1900-01-01', 'Not provided', 3, 'Exceeds', 'No'),
(10159, 109, 3, '2017-01-25', '1900-01-01', 'Not provided', 3, 'Exceeds', 'Yes'),
(10161, 110, 2, '2017-02-16', '1900-01-01', 'Not provided', 5, 'Exceeds', 'No'),
(10170, 110, 2, '2017-03-29', '1900-01-01', 'Not provided', 4, 'Exceeds', 'No'),
(10186, 109, 3, '2017-07-09', '1900-01-01', 'Not provided', 2, 'Needs Improvement', 'Yes'),
(10193, 109, 3, '2017-10-08', '1900-01-01', 'Not provided', 2, 'Needs Improvement', 'Yes'),
(10201, 102, 3, '2017-12-06', '1900-01-01', 'Not provided', 3, 'Exceeds', 'No'),
(10203, 102, 3, '2017-12-23', '1900-01-01', 'Not provided', 3, 'Exceeds', 'No'),
(10180, 102, 3, '2017-05-05', '1900-01-01', 'Not provided', 3, 'Exceeds', 'No'),
(10188, 111, 2, '2017-08-16', '1900-01-01', 'Not provided', 5, 'Needs Improvement', 'No'),
(10206, 112, 2, '2018-01-16', '1900-01-01', 'Not provided', 3, 'PIP', 'No'),
(10213, 113, 5, '2018-03-18', '1900-01-01', 'Not provided', 5, 'Exceeds', 'Yes'),
(10231, 111, 2, '2018-08-12', '1900-01-01', 'Not provided', 5, 'Exceeds', 'No'),
(10235, 114, 5, '2018-08-23', '1900-01-01', 'Not provided', 5, 'Exceeds', 'Yes'),
(10243, 102, 3, '2018-09-29', '1900-01-01', 'Not provided', 2, 'PIP', 'No'),
(10270, 102, 3, '2019-05-12', '1900-01-01', 'Not provided', 2, 'Exceeds', 'No'),
(10309, 102, 3, '2019-12-30', '1900-01-01', 'Not provided', 2, 'Needs Improvement', 'No'),
(10002, 115, 1, '2014-01-08', '1900-01-01', 'Not provided', 4, 'Fully Meets', 'Yes'),
(10006, 116, 5, '2014-02-02', '1900-01-01', 'Not provided', 3, 'Fully Meets', 'Yes'),
(10013, 117, 1, '2014-04-18', '1900-01-01', 'Not provided', 4, 'Fully Meets', 'No'),
(10017, 118, 4, '2014-05-13', '1900-01-01', 'Not provided', 4, 'Fully Meets', 'Yes'),
(10019, 109, 3, '2014-06-10', '1900-01-01', 'Not provided', 3, 'Fully Meets', 'Yes'),
(10021, 108, 1, '2014-06-21', '1900-01-01', 'Not provided', 3, 'Fully Meets', 'No'),
(10034, 119, 5, '2014-09-04', '1900-01-01', 'Not provided', 4, 'Fully Meets', 'Yes'),
(10035, 107, 4, '2014-09-17', '1900-01-01', 'Not provided', 5, 'Fully Meets', 'Yes'),
(10039, 120, 1, '2014-09-29', '1900-01-01', 'Not provided', 4, 'Fully Meets', 'No'),
(10041, 108, 4, '2014-10-13', '1900-01-01', 'Not provided', 5, 'Fully Meets', 'No'),
(10052, 120, 1, '2014-12-14', '1900-01-01', 'Not provided', 3, 'Fully Meets', 'No'),
(10066, 117, 1, '2015-03-07', '1900-01-01', 'Not provided', 2, 'Fully Meets', 'No'),
(10099, 108, 4, '2015-11-19', '1900-01-01', 'Not provided', 3, 'Fully Meets', 'No'),
(10101, 109, 3, '2015-11-20', '1900-01-01', 'Not provided', 4, 'Fully Meets', 'Yes'),
(10103, 109, 3, '2015-12-08', '1900-01-01', 'Not provided', 5, 'Fully Meets', 'Yes'),
(10104, 108, 4, '2015-12-09', '1900-01-01', 'Not provided', 3, 'Fully Meets', 'No'),
(10112, 108, 4, '2016-02-29', '1900-01-01', 'Not provided', 4, 'Fully Meets', 'No'),
(10131, 108, 1, '2016-07-19', '1900-01-01', 'Not provided', 4, 'Fully Meets', 'No'),
(10137, 115, 1, '2016-08-06', '1900-01-01', 'Not provided', 4, 'Fully Meets', 'Yes'),
(10141, 108, 4, '2016-09-26', '1900-01-01', 'Not provided', 5, 'Fully Meets', 'No'),
(10148, 109, 3, '2016-11-16', '1900-01-01', 'Not provided', 3, 'Fully Meets', 'Yes'),
(10171, 108, 4, '2017-04-01', '1900-01-01', 'Not provided', 5, 'Fully Meets', 'No'),
(10175, 108, 4, '2017-04-15', '1900-01-01', 'Not provided', 3, 'Fully Meets', 'No'),
(10176, 108, 4, '2017-04-22', '1900-01-01', 'Not provided', 3, 'Fully Meets', 'No'),
(10179, 121, 5, '2017-05-05', '1900-01-01', 'Not provided', 5, 'Fully Meets', 'Yes'),
(10185, 108, 4, '2017-07-02', '1900-01-01', 'Not provided', 5, 'Fully Meets', 'No'),
(10189, 117, 1, '2017-08-20', '1900-01-01', 'Not provided', 5, 'Fully Meets', 'No'),
(10196, 107, 4, '2017-10-13', '1900-01-01', 'Not provided', 3, 'Fully Meets', 'Yes'),
(10200, 109, 3, '2017-12-02', '1900-01-01', 'Not provided', 3, 'Fully Meets', 'Yes'),
(10037, 108, 4, '2018-09-25', '1900-01-01', 'Not provided', 5, 'Fully Meets', 'No'),
(10214, 107, 4, '2018-03-30', '1900-01-01', 'Not provided', 4, 'Fully Meets', 'Yes'),
(10228, 107, 4, '2018-08-10', '1900-01-01', 'Not provided', 5, 'Fully Meets', 'Yes'),
(10284, 108, 1, '2019-07-21', '1900-01-01', 'Not provided', 2, 'Fully Meets', 'No'),
(10289, 107, 4, '2018-08-10', '1900-01-01', 'Not provided', 5, 'Fully Meets', 'Yes'),
(10294, 108, 4, '2018-08-10', '1900-01-01', 'Not provided', 4, 'Fully Meets', 'No'),
(10295, 107, 4, '2017-10-13', '1900-01-01', 'Not provided', 3, 'Fully Meets', 'Yes'),
(10307, 107, 4, '2017-04-22', '1900-01-01', 'Not provided', 5, 'Fully Meets', 'Yes'),
(10251, 109, 3, '2019-01-02', '1900-01-01', 'Not provided', 3, 'Fully Meets', 'Yes'),
(10255, 107, 4, '2019-01-15', '1900-01-01', 'Not provided', 5, 'Fully Meets', 'Yes'),
(10257, 109, 3, '2019-02-02', '1900-01-01', 'Not provided', 4, 'Fully Meets', 'Yes'),
(10260, 108, 4, '2019-02-22', '1900-01-01', 'Not provided', 5, 'Fully Meets', 'No'),
(10008, 122, 2, '2014-02-08', '1900-01-01', 'Not provided', 4, 'Fully Meets', 'No'),
(10014, 122, 2, '2014-04-21', '1900-01-01', 'Not provided', 4, 'Fully Meets', 'No'),
(10022, 112, 2, '2014-06-27', '1900-01-01', 'Not provided', 3, 'Fully Meets', 'No'),
(10025, 110, 2, '2014-08-04', '1900-01-01', 'Not provided', 3, 'Fully Meets', 'No'),
(10032, 123, 2, '2014-08-31', '1900-01-01', 'Not provided', 5, 'Fully Meets', 'No'),
(10058, 124, 2, '2015-01-08', '1900-01-01', 'Not provided', 5, 'Fully Meets', 'No'),
(10063, 112, 2, '2015-02-15', '1900-01-01', 'Not provided', 3, 'Fully Meets', 'No'),
(10073, 106, 2, '2015-05-07', '1900-01-01', 'Not provided', 4, 'Fully Meets', 'No'),
(10076, 106, 2, '2015-05-14', '1900-01-01', 'Not provided', 5, 'Fully Meets', 'No'),
(10078, 110, 2, '2015-06-04', '1900-01-01', 'Not provided', 5, 'Fully Meets', 'No'),
(10082, 125, 2, '2015-06-18', '1900-01-01', 'Not provided', 3, 'Fully Meets', 'No'),
(10083, 110, 2, '2015-06-20', '1900-01-01', 'Not provided', 3, 'Fully Meets', 'No'),
(10085, 126, 2, '2015-06-29', '1900-01-01', 'Not provided', 5, 'Fully Meets', 'Yes'),
(10094, 111, 2, '2015-09-30', '1900-01-01', 'Not provided', 3, 'Fully Meets', 'No'),
(10114, 111, 2, '2016-03-01', '1900-01-01', 'Not provided', 5, 'Fully Meets', 'No'),
(10122, 127, 2, '2016-04-27', '1900-01-01', 'Not provided', 3, 'Fully Meets', 'No'),
(10126, 125, 2, '2016-05-28', '1900-01-01', 'Not provided', 4, 'Fully Meets', 'No'),
(10130, 111, 2, '2016-07-02', '1900-01-01', 'Not provided', 5, 'Fully Meets', 'No'),
(10133, 112, 2, '2016-07-30', '1900-01-01', 'Not provided', 4, 'Fully Meets', 'No'),
(10138, 128, 2, '2016-08-13', '1900-01-01', 'Not provided', 3, 'Fully Meets', 'Yes'),
(10142, 106, 2, '2016-09-29', '1900-01-01', 'Not provided', 4, 'Fully Meets', 'No'),
(10150, 125, 2, '2016-11-25', '1900-01-01', 'Not provided', 5, 'Fully Meets', 'No'),
(10172, 123, 2, '2017-04-05', '1900-01-01', 'Not provided', 4, 'Fully Meets', 'No'),
(10183, 129, 2, '2017-06-13', '1900-01-01', 'Not provided', 3, 'Fully Meets', 'No'),
(10184, 106, 2, '2017-06-15', '1900-01-01', 'Not provided', 3, 'Fully Meets', 'No'),
(10204, 106, 2, '2017-12-30', '1900-01-01', 'Not provided', 3, 'Fully Meets', 'No'),
(10223, 110, 2, '2018-05-28', '1900-01-01', 'Not provided', 3, 'Fully Meets', 'No'),
(10234, 123, 2, '2018-08-23', '1900-01-01', 'Not provided', 4, 'Fully Meets', 'No'),
(10237, 123, 2, '2018-08-27', '1900-01-01', 'Not provided', 3, 'Fully Meets', 'No'),
(10240, 110, 2, '2018-09-20', '1900-01-01', 'Not provided', 3, 'Fully Meets', 'No'),
(10249, 124, 2, '2018-12-23', '1900-01-01', 'Not provided', 5, 'Fully Meets', 'No'),
(10275, 112, 2, '2019-05-28', '1900-01-01', 'Not provided', 3, 'Fully Meets', 'No'),
(10277, 111, 2, '2019-06-02', '1900-01-01', 'Not provided', 2, 'Fully Meets', 'No'),
(10278, 106, 2, '2019-06-05', '1900-01-01', 'Not provided', 2, 'Fully Meets', 'No'),
(10287, 111, 2, '2019-08-02', '1900-01-01', 'Not provided', 2, 'Fully Meets', 'No'),
(10288, 106, 2, '2019-08-03', '1900-01-01', 'Not provided', 3, 'Fully Meets', 'No'),
(10293, 124, 2, '2019-08-30', '1900-01-01', 'Not provided', 3, 'Fully Meets', 'No'),
(10305, 124, 2, '2019-12-03', '1900-01-01', 'Not provided', 4, 'Fully Meets', 'No'),
(10252, 127, 2, '2019-01-07', '1900-01-01', 'Not provided', 5, 'Fully Meets', 'No'),
(10259, 130, 2, '2019-02-20', '1900-01-01', 'Not provided', 3, 'Fully Meets', 'No'),
(10264, 122, 2, '2019-04-05', '1900-01-01', 'Not provided', 3, 'Fully Meets', 'No'),
(10036, 102, 3, '2014-09-22', '1900-01-01', 'Not provided', 3, 'Fully Meets', 'No'),
(10046, 102, 3, '2014-12-04', '1900-01-01', 'Not provided', 4, 'Fully Meets', 'No'),
(10049, 102, 3, '2014-12-10', '1900-01-01', 'Not provided', 4, 'Fully Meets', 'No'),
(10053, 102, 3, '2014-12-16', '1900-01-01', 'Not provided', 5, 'Fully Meets', 'No'),
(10068, 102, 3, '2015-03-19', '1900-01-01', 'Not provided', 3, 'Fully Meets', 'No'),
(10070, 102, 3, '2015-03-27', '1900-01-01', 'Not provided', 3, 'Fully Meets', 'No'),
(10072, 102, 3, '2015-04-25', '1900-01-01', 'Not provided', 5, 'Fully Meets', 'No'),
(10098, 102, 3, '2015-11-16', '1900-01-01', 'Not provided', 5, 'Fully Meets', 'No'),
(10105, 102, 3, '2015-12-09', '1900-01-01', 'Not provided', 3, 'Fully Meets', 'No'),
(10110, 102, 3, '2016-02-08', '1900-01-01', 'Not provided', 3, 'Fully Meets', 'No'),
(10121, 102, 3, '2016-04-21', '1900-01-01', 'Not provided', 3, 'Fully Meets', 'No'),
(10127, 102, 3, '2016-05-29', '1900-01-01', 'Not provided', 4, 'Fully Meets', 'No'),
(10132, 102, 3, '2016-07-20', '1900-01-01', 'Not provided', 3, 'Fully Meets', 'No'),
(10135, 102, 3, '2016-08-02', '1900-01-01', 'Not provided', 5, 'Fully Meets', 'No'),
(10146, 102, 3, '2016-10-31', '1900-01-01', 'Not provided', 5, 'Fully Meets', 'No'),
(10157, 102, 3, '2017-01-13', '1900-01-01', 'Not provided', 4, 'Fully Meets', 'No'),
(10177, 102, 3, '2017-04-23', '1900-01-01', 'Not provided', 4, 'Fully Meets', 'No'),
(10190, 102, 3, '2017-09-06', '1900-01-01', 'Not provided', 5, 'Fully Meets', 'No'),
(10191, 102, 3, '2017-09-16', '1900-01-01', 'Not provided', 4, 'Fully Meets', 'No'),
(10205, 102, 3, '2018-01-13', '1900-01-01', 'Not provided', 5, 'Fully Meets', 'No'),
(10217, 102, 3, '2018-04-09', '1900-01-01', 'Not provided', 3, 'Fully Meets', 'No'),
(10220, 102, 3, '2018-05-22', '1900-01-01', 'Not provided', 5, 'Fully Meets', 'No'),
(10229, 102, 3, '2018-08-10', '1900-01-01', 'Not provided', 4, 'Fully Meets', 'No'),
(10238, 102, 3, '2018-09-08', '1900-01-01', 'Not provided', 3, 'Fully Meets', 'No'),
(10241, 102, 3, '2018-09-26', '1900-01-01', 'Not provided', 3, 'Fully Meets', 'No'),
(10242, 102, 3, '2018-09-27', '1900-01-01', 'Not provided', 5, 'Fully Meets', 'No'),
(10244, 102, 3, '2018-09-30', '1900-01-01', 'Not provided', 3, 'Fully Meets', 'No'),
(10246, 102, 3, '2018-10-17', '1900-01-01', 'Not provided', 3, 'Fully Meets', 'No'),
(10291, 102, 3, '2019-08-21', '1900-01-01', 'Not provided', 4, 'Fully Meets', 'No'),
(10254, 102, 3, '2019-01-13', '1900-01-01', 'Not provided', 5, 'Fully Meets', 'No'),
(10256, 102, 3, '2019-01-24', '1900-01-01', 'Not provided', 5, 'Fully Meets', 'No'),
(10266, 102, 3, '2019-04-11', '1900-01-01', 'Not provided', 3, 'Fully Meets', 'No'),
(10004, 101, 3, '2014-01-24', '2017-09-10', 'Absenteeism', 3, 'Needs Improvement', 'No'),
(10010, 101, 3, '2014-04-10', '2017-06-10', 'Performance', 5, 'Fully Meets', 'No'),
(10012, 101, 3, '2014-04-16', '2017-10-13', 'Toxic Enviroment', 4, 'Fully Meets', 'No'),
(10016, 101, 3, '2014-05-09', '2017-10-05', 'Performance', 3, 'Fully Meets', 'No'),
(10020, 101, 3, '2014-06-12', '2017-02-11', 'Toxic Enviroment', 4, 'Fully Meets', 'No'),
(10026, 101, 3, '2014-08-08', '2017-10-03', 'Performance', 5, 'Fully Meets', 'No'),
(10031, 131, 2, '2014-08-28', '2017-06-02', 'Absenteeism', 5, 'Fully Meets', 'No'),
(10056, 101, 3, '2014-12-28', '2017-11-06', 'Higher Salary', 4, 'Fully Meets', 'No'),
(10064, 101, 3, '2015-02-22', '2017-11-05', 'Higher Salary', 3, 'Needs Improvement', 'No'),
(10069, 102, 3, '2015-03-24', '2017-01-01', 'Higher Salary', 5, 'Exceeds', 'No'),
(10074, 102, 3, '2015-05-08', '2017-10-15', 'Performance', 4, 'Fully Meets', 'No'),
(10089, 101, 3, '2015-08-16', '2017-10-13', 'Performance', 5, 'Fully Meets', 'No'),
(10093, 101, 3, '2015-08-31', '2017-03-27', 'New Job', 4, 'Fully Meets', 'No'),
(10097, 122, 2, '2015-11-07', '2017-07-13', 'Performance', 5, 'Fully Meets', 'No'),
(10107, 111, 2, '2016-01-13', '2017-03-14', 'Higher Salary', 3, 'Fully Meets', 'No'),
(10108, 110, 2, '2016-01-24', '2017-04-06', 'Higher Salary', 4, 'Fully Meets', 'No'),
(10129, 101, 3, '2016-06-30', '2017-01-05', 'Higher Salary', 4, 'Fully Meets', 'No'),
(10134, 108, 4, '2016-08-01', '2017-10-14', 'Higher Salary', 5, 'Fully Meets', 'No'),
(10151, 118, 4, '2016-12-06', '2017-05-05', 'Maternity', 5, 'Fully Meets', 'Yes'),
(10154, 101, 3, '2016-12-28', '2017-06-30', 'Relocation', 5, 'Needs Improvement', 'No'),
(10162, 123, 2, '2017-02-20', '2017-11-22', 'Performance', 3, 'Fully Meets', 'No'),
(10165, 101, 3, '2017-03-07', '2017-05-25', 'Toxic Enviroment', 4, 'Fully Meets', 'No'),
(10168, 101, 3, '2017-03-20', '2017-07-29', 'Relocation', 3, 'Fully Meets', 'No'),
(10169, 101, 3, '2017-03-24', '2017-09-02', 'Higher Salary', 5, 'Fully Meets', 'No'),
(10187, 107, 4, '2017-07-13', '2017-09-05', 'Maternity', 5, 'Exceeds', 'Yes'),
(10195, 107, 4, '2017-10-13', '2017-10-03', 'Higher Salary', 3, 'PIP', 'Yes'),
(10197, 101, 3, '2017-10-22', '2018-05-20', 'Performance', 5, 'Fully Meets', 'No'),
(10208, 109, 3, '2018-02-05', '2018-05-07', 'Absenteeism', 4, 'Fully Meets', 'Yes'),
(10210, 109, 3, '2018-03-10', '2018-04-19', 'Not provided', 3, 'Fully Meets', 'Yes'),
(10212, 101, 3, '2018-03-17', '2018-09-11', 'Not provided', 3, 'Fully Meets', 'No'),
(10216, 102, 3, '2018-04-07', '2018-04-29', 'Performance', 3, 'Fully Meets', 'No'),
(10218, 101, 3, '2018-04-14', '2018-05-26', 'Not provided', 4, 'Fully Meets', 'No'),
(10222, 101, 3, '2018-05-26', '2018-08-27', 'Not provided', 3, 'Fully Meets', 'No'),
(10230, 102, 3, '2018-08-12', '2018-08-19', 'Not provided', 5, 'Fully Meets', 'No'),
(10233, 122, 2, '2018-08-20', '2018-09-24', 'Performance', 5, 'Fully Meets', 'No'),
(10236, 102, 3, '2018-08-26', '2018-12-14', 'Retirement', 4, 'Fully Meets', 'No'),
(10245, 101, 3, '2018-10-07', '2018-03-09', 'Performance', 4, 'Fully Meets', 'No'),
(10273, 102, 3, '2019-05-21', '2019-11-23', 'Too much Work', 3, 'Needs Improvement', 'No'),
(10276, 102, 3, '2019-05-30', '2019-09-08', 'Higher Salary', 5, 'Fully Meets', 'No'),
(10279, 102, 3, '2019-06-28', '2019-10-21', 'Higher Salary', 4, 'Fully Meets', 'No'),
(10280, 101, 3, '2019-07-01', '2019-08-14', 'Higher Salary', 5, 'Fully Meets', 'No'),
(10281, 101, 3, '2019-07-03', '2019-10-16', 'Maternity', 3, 'Fully Meets', 'No'),
(10283, 102, 3, '2019-07-19', '2019-02-26', 'Performance', 3, 'Fully Meets', 'No'),
(10290, 102, 3, '2019-08-20', '2019-09-17', 'Too much Work', 3, 'Fully Meets', 'No'),
(10298, 101, 3, '2019-10-19', '2019-03-05', 'Performance', 3, 'Fully Meets', 'No'),
(10301, 102, 3, '2019-11-03', '2019-06-01', 'Performance', 5, 'Fully Meets', 'No'),
(10302, 101, 3, '2019-11-14', '2019-12-15', 'Too much Work', 4, 'Fully Meets', 'No'),
(10303, 101, 3, '2019-11-26', '2019-12-10', 'Maternity', 5, 'Exceeds', 'No'),
(10306, 107, 4, '2016-09-26', '2019-12-25', 'Higher Salary', 1, 'PIP', 'Yes'),
(10258, 111, 2, '2019-02-02', '2019-08-19', 'Unclear Duties', 5, 'Exceeds', 'No'),
(10261, 101, 3, '2019-02-23', '2019-08-22', 'Higher Salary', 5, 'Fully Meets', 'No'),
(10262, 101, 3, '2019-03-30', '2019-08-24', 'Absenteeism', 4, 'Fully Meets', 'No'),
(10263, 101, 3, '2019-04-03', '2019-05-13', 'Higher Salary', 5, 'Fully Meets', 'No')
;



INSERT INTO employees
VALUES
(10005, 'Noelia' ,'Jackson', 'F' ,'noelia.jackson@rimaztech.com', '1953-10-28', 69, 'Single', '2014-01-25', 'ARG', 101, 3, 43241,4757),
(10007, 'Rodrigo' ,'Carey', 'M' ,'rodrigo.carey@rimaztech.com', '1953-04-28', 69, 'Single', '2014-02-04', 'LI', 101, 3, 51009,7141),
(10009, 'Lucas' ,'Chan', 'M' ,'lucas.chan@rimaztech.com', '1968-02-06', 55, 'Single', '2014-02-09', 'ARG', 101, 3, 42034,6305),
(10015, 'Daiana' ,'Ferreira', 'F' ,'daiana.ferreira@rimaztech.com', '1983-11-10', 39, 'Single', '2014-05-02', 'LI', 101, 3, 44391,2663),
(10040, 'Ruben' ,'Bernstein', 'M' ,'ruben.bernstein@rimaztech.com', '1961-05-01', 61, 'Single', '2014-10-07', 'LI', 101, 3, 43361,8239),
(10055, 'Diego' ,'Rossetti', 'M' ,'diego.rossetti@rimaztech.com', '1989-12-30', 33, 'Single', '2014-12-21', 'URU', 101, 3, 54811,7125),
(10079, 'Juan' ,'Cockel', 'M' ,'juan.cockel@rimaztech.com', '1975-01-08', 48, 'Single', '2015-06-07', 'ARG', 101, 3, 57098,7994),
(10106, 'Sonia' ,'Sutwell', 'F' ,'sonia.sutwell@rimaztech.com', '1972-05-20', 50, 'Single', '2015-12-11', 'ARG', 101, 3, 47065,4236),
(10109, 'Walter' ,'Von Massenbach', 'M' ,'walter.vonmassenbach@rimaztech.com', '1975-10-22', 47, 'Single', '2016-01-31', 'URU', 101, 3, 47044,5175),
(10111, 'María' ,'Beatrice', 'F' ,'maría.beatrice@rimaztech.com', '1969-07-03', 53, 'Single', '2016-02-28', 'URU', 101, 3, 53903,5929),
(10118, 'Cristina' ,'Perry', 'F' ,'cristina.perry@rimaztech.com', '1987-01-09', 36, 'Single', '2016-03-29', 'URU', 101, 3, 47337,8994),
(10119, 'Emmanuel' ,'Garcia', 'M' ,'emmanuel.garcia@rimaztech.com', '1954-04-10', 68, 'Single', '2016-04-02', 'LI', 101, 3, 48505,4851),
(10136, 'Victor' ,'Mahoney', 'M' ,'victor.mahoney@rimaztech.com', '1968-09-19', 54, 'Single', '2016-08-04', 'LI', 101, 3, 49953,9991),
(10143, 'Juan' ,'Gold', 'M' ,'juan.gold@rimaztech.com', '1972-02-21', 51, 'Single', '2016-10-11', 'ARG', 101, 3, 56777,6813),
(10144, 'Leandro' ,'Dickinson', 'M' ,'leandro.dickinson@rimaztech.com', '1975-01-17', 48, 'Single', '2016-10-23', 'ARG', 101, 3, 56173,10673),
(10149, 'Rita' ,'Chace', 'F' ,'rita.chace@rimaztech.com', '1986-07-19', 36, 'Single', '2016-11-24', 'LI', 101, 3, 54177,9210),
(10152, 'Justo' ,'Williams', 'M' ,'justo.williams@rimaztech.com', '1990-11-24', 32, 'Single', '2016-12-15', 'LI', 101, 3, 54075,10815),
(10153, 'Lautaro' ,'Crimmings', 'M' ,'lautaro.crimmings@rimaztech.com', '1960-10-01', 62, 'Single', '2016-12-16', 'URU', 101, 3, 53193,4255),
(10155, 'Ezequiel' ,'Garneau', 'M' ,'ezequiel.garneau@rimaztech.com', '1991-04-05', 31, 'Single', '2016-12-30', 'LI', 101, 3, 55083,9364),
(10163, 'Roberto' ,'Nguyen', 'M' ,'roberto.nguyen@rimaztech.com', '1962-08-10', 60, 'Single', '2017-02-25', 'URU', 101, 3, 45282,6792),
(10167, 'Alejandro' ,'Pitt', 'M' ,'alejandro.pitt@rimaztech.com', '1976-03-27', 46, 'Single', '2017-03-13', 'ARG', 101, 3, 50204,8535),
(10173, 'Julieta' ,'Barone', 'F' ,'julieta.barone@rimaztech.com', '1981-03-20', 41, 'Single', '2017-04-13', 'URU', 101, 3, 42634,3837),
(10174, 'Emanuel' ,'Chang', 'M' ,'emanuel.chang@rimaztech.com', '1959-03-18', 63, 'Single', '2017-04-13', 'ARG', 101, 3, 45949,5514),
(10207, 'Barbara' ,'Gaul', 'F' ,'barbara.gaul@rimaztech.com', '1992-12-13', 30, 'Single', '2018-01-24', 'URU', 101, 3, 57081,8822),
(10211, 'Denise' ,'Dobrin', 'F' ,'denise.dobrin@rimaztech.com', '1977-03-29', 45, 'Single', '2018-03-16', 'URU', 101, 3, 46797,5531),
(10215, 'Martín' ,'Keatts', 'M' ,'martín.keatts@rimaztech.com', '1980-01-01', 43, 'Single', '2018-03-31', 'ARG', 101, 3, 62838,9711),
(10221, 'Antonio' ,'Heitzman', 'M' ,'antonio.heitzman@rimaztech.com', '1953-03-06', 70, 'Single', '2018-05-26', 'LI', 101, 3, 62032,5639),
(10224, 'Elizabeth' ,'Meads', 'F' ,'elizabeth.meads@rimaztech.com', '1972-03-23', 50, 'Single', '2018-06-06', 'LI', 101, 3, 47601,8655),
(10225, 'Brian' ,'Knapp', 'M' ,'brian.knapp@rimaztech.com', '1956-10-03', 66, 'Single', '2018-06-08', 'LI', 101, 3, 47958,8284),
(10226, 'Bautista' ,'Ndzi', 'M' ,'bautista.ndzi@rimaztech.com', '1985-10-10', 37, 'Single', '2018-06-19', 'URU', 101, 3, 65412,11298),
(10247, 'Rosa' ,'Ivey', 'F' ,'rosa.ivey@rimaztech.com', '1952-11-16', 70, 'Single', '2018-12-08', 'URU', 101, 3, 59038,8051),
(10274, 'Paula' ,'Smith', 'F' ,'paula.smith@rimaztech.com', '1954-08-27', 68, 'Single', '2019-05-26', 'URU', 101, 3, 37500,58356),
(10304, 'Jennifer' ,'Medeiros', 'F' ,'jennifer.medeiros@rimaztech.com', '1973-11-24', 49, 'Single', '2019-11-26', 'ARG', 101, 3, 70711,0),
(10253, 'Gonzalo' ,'Engdahl', 'M' ,'gonzalo.engdahl@rimaztech.com', '1952-06-18', 70, 'Single', '2019-01-12', 'URU', 101, 3, 67235,10344),
(10267, 'Luis' ,'Punjabhi', 'M' ,'luis.punjabhi@rimaztech.com', '1971-07-06', 51, 'Single', '2019-04-20', 'ARG', 101, 3, 77887,11383),
(10268, 'Carolina' ,'Cierpiszewski', 'F' ,'carolina.cierpiszewski@rimaztech.com', '1976-10-17', 46, 'Single', '2019-04-22', 'LI', 101, 3, 71165,6569),
(10001, 'Juan' ,'Stoica', 'M' ,'juan.stoica@rimaztech.com', '1955-12-05', 67, 'Married', '2014-01-08', 'LI', 101, 3, 57615,10947),
(10018, 'Ana' ,'England', 'F' ,'ana.england@rimaztech.com', '1978-05-16', 44, 'Married', '2014-05-18', 'LI', 101, 3, 41435,4558),
(10024, 'Silvana' ,'Jhaveri', 'F' ,'silvana.jhaveri@rimaztech.com', '1972-11-03', 50, 'Partners', '2014-07-26', 'LI', 101, 3, 57890,4052),
(10028, 'Santiago' ,'Gordon', 'M' ,'santiago.gordon@rimaztech.com', '1968-06-20', 54, 'Married', '2014-08-12', 'URU', 101, 3, 43464,4781),
(10029, 'Juvencio' ,'Rose', 'M' ,'juvencio.rose@rimaztech.com', '1977-05-04', 45, 'Partners', '2014-08-15', 'LI', 101, 3, 42309,2115),
(10030, 'Adriana' ,'Power', 'F' ,'adriana.power@rimaztech.com', '1963-04-08', 59, 'Divorced', '2014-08-25', 'LI', 101, 3, 49337,3454),
(10051, 'Oscar' ,'Motlagh', 'M' ,'oscar.motlagh@rimaztech.com', '1954-11-03', 68, 'Divorced', '2014-12-14', 'ARG', 101, 3, 46723,3271),
(10054, 'Daniel' ,'Langton', 'M' ,'daniel.langton@rimaztech.com', '1977-09-23', 45, 'Married', '2014-12-19', 'ARG', 101, 3, 54727,9304),
(10065, 'Rocio' ,'Robinson', 'F' ,'rocio.robinson@rimaztech.com', '1958-03-03', 65, 'Married', '2015-03-02', 'ARG', 101, 3, 54996,6050),
(10100, 'Lidia' ,'Wilber', 'F' ,'lidia.wilber@rimaztech.com', '1953-06-06', 69, 'Married', '2015-11-19', 'ARG', 101, 3, 43255,7353),
(10102, 'Sebastian' ,'Peterson', 'M' ,'sebastian.peterson@rimaztech.com', '1987-11-05', 35, 'Married', '2015-11-28', 'ARG', 101, 3, 47514,4751),
(10113, 'Nicolas' ,'Jacobi', 'M' ,'nicolas.jacobi@rimaztech.com', '1978-11-05', 44, 'Divorced', '2016-02-29', 'LI', 101, 3, 58132,2907),
(10117, 'Nelson' ,'Athwal', 'M' ,'nelson.athwal@rimaztech.com', '1972-08-12', 50, 'Widower', '2016-03-23', 'ARG', 101, 3, 47657,2383),
(10120, 'Milena' ,'Gentry', 'F' ,'milena.gentry@rimaztech.com', '1991-12-19', 31, 'Married', '2016-04-16', 'LI', 101, 3, 44180,3534),
(10125, 'Leonardo' ,'Tavares', 'M' ,'leonardo.tavares@rimaztech.com', '1983-04-15', 39, 'Married', '2016-05-26', 'URU', 101, 3, 50594,8601),
(10128, 'Josue' ,'Mangal', 'M' ,'josue.mangal@rimaztech.com', '1962-09-11', 60, 'Married', '2016-06-16', 'ARG', 101, 3, 42418,3818),
(10147, 'Ana' ,'Darson', 'F' ,'ana.darson@rimaztech.com', '1959-05-24', 63, 'Married', '2016-11-04', 'LI', 101, 3, 57984,11017),
(10156, 'María' ,'Tinto', 'F' ,'maría.tinto@rimaztech.com', '1978-03-21', 44, 'Divorced', '2017-01-03', 'URU', 101, 3, 59238,10663),
(10160, 'Silvia' ,'Shields', 'F' ,'silvia.shields@rimaztech.com', '1985-10-29', 37, 'Married', '2017-02-09', 'ARG', 101, 3, 56557,3393),
(10166, 'Romina' ,'Mckenna', 'F' ,'romina.mckenna@rimaztech.com', '1967-03-06', 56, 'Married', '2017-03-07', 'URU', 101, 3, 56884,6826),
(10181, 'Ignacio' ,'Maurice', 'M' ,'ignacio.maurice@rimaztech.com', '1977-09-10', 45, 'Married', '2017-05-21', 'LI', 101, 3, 50707,8113),
(10194, 'Agustin' ,'Purinton', 'M' ,'agustin.purinton@rimaztech.com', '1959-08-01', 63, 'Divorced', '2017-10-12', 'URU', 101, 3, 47109,8951),
(10199, 'María' ,'Barbara', 'F' ,'maría.barbara@rimaztech.com', '1970-01-14', 53, 'Married', '2017-11-23', 'ARG', 101, 3, 53417,3205),
(10202, 'Marcos' ,'Sander', 'M' ,'marcos.sander@rimaztech.com', '1958-07-20', 64, 'Married', '2017-12-18', 'URU', 101, 3, 49947,8990),
(10178, 'Laura' ,'Zima', 'F' ,'laura.zima@rimaztech.com', '1956-03-15', 66, 'Widower', '2017-05-01', 'URU', 101, 3, 51778,2354),
(10182, 'Juana' ,'Pham', 'F' ,'juana.pham@rimaztech.com', '1959-08-23', 63, 'Married', '2017-05-25', 'URU', 101, 3, 55369,2517),
(10219, 'Fernando' ,'Rarrick', 'M' ,'fernando.rarrick@rimaztech.com', '1991-01-12', 32, 'Divorced', '2018-05-08', 'ARG', 101, 3, 62291,8494),
(10239, 'Julieta' ,'Alagbe', 'F' ,'julieta.alagbe@rimaztech.com', '1951-09-24', 71, 'Married', '2018-09-17', 'ARG', 101, 3, 48864,4886),
(10250, 'Luis' ,'DeGweck', 'M' ,'luis.degweck@rimaztech.com', '1978-01-27', 45, 'Married', '2018-12-25', 'LI', 101, 3, 62073,5643),
(10272, 'Lisa' ,'Biden', 'F' ,'lisa.biden@rimaztech.com', '1980-06-09', 42, 'Divorced', '2019-05-18', 'URU', 101, 3, 37500,77147),
(10282, 'John' ,'Kretschmer', 'M' ,'john.kretschmer@rimaztech.com', '1961-10-01', 61, 'Married', '2019-07-19', 'ARG', 101, 3, 43520,75487),
(10285, 'Joanne' ,'Handschiegl', 'F' ,'joanne.handschiegl@rimaztech.com', '1980-12-29', 42, 'Married', '2019-07-29', 'URU', 101, 3, 47500,62612),
(10286, 'Barbara' ,'Stanford', 'F' ,'barbara.stanford@rimaztech.com', '1956-02-29', 67, 'Divorced', '2019-08-01', 'URU', 101, 3, 42750,76024),
(10292, 'Linda' ,'Fidelia', 'F' ,'linda.fidelia@rimaztech.com', '1963-10-23', 59, 'Married', '2019-08-26', 'URU', 101, 3, 72851,0),
(10296, 'Alberto' ,'Sullivan', 'M' ,'alberto.sullivan@rimaztech.com', '1981-04-09', 41, 'Married', '2019-10-08', 'URU', 101, 3, 60211,0),
(10297, 'Mariano' ,'Harrell', 'M' ,'mariano.harrell@rimaztech.com', '1975-04-13', 47, 'Married', '2019-10-18', 'LI', 101, 3, 72584,0),
(10299, 'Lisa' ,'Cornett', 'F' ,'lisa.cornett@rimaztech.com', '1972-09-06', 50, 'Married', '2019-10-29', 'URU', 101, 3, 57008,0),
(10308, 'Jeanette' ,'Tippett', 'F' ,'jeanette.tippett@rimaztech.com', '1978-09-10', 44, 'Divorced', '2019-12-19', 'LI', 101, 3, 50250,76488),
(10000, 'Fernando' ,'Gonzalez', 'M' ,'fernando.gonzalez@rimaztech.com', '1989-08-09', 33, 'Divorced', '2014-01-02', 'URU', 101, 3, 41924,2096),
(10038, 'Eduardo' ,'Owad', 'M' ,'eduardo.owad@rimaztech.com', '1967-04-19', 55, 'Single', '2014-09-29', 'ARG', 101, 3, 45075,6761),
(10042, 'Rosario' ,'Lynch', 'F' ,'rosario.lynch@rimaztech.com', '1962-10-08', 60, 'Single', '2014-10-23', 'URU', 101, 3, 57313,5731),
(10044, 'Sergio' ,'Sparks', 'M' ,'sergio.sparks@rimaztech.com', '1956-11-16', 66, 'Married', '2014-11-10', 'URU', 101, 3, 48061,4806),
(10071, 'Camila' ,'Estremera', 'F' ,'camila.estremera@rimaztech.com', '1990-07-27', 32, 'Single', '2015-04-09', 'LI', 101, 3, 46028,2762),
(10075, 'Clara' ,'Johnson', 'F' ,'clara.johnson@rimaztech.com', '1974-01-16', 49, 'Married', '2015-05-09', 'LI', 101, 3, 41802,7942),
(10077, 'Alejandro' ,'Adinolfi', 'M' ,'alejandro.adinolfi@rimaztech.com', '1975-04-06', 47, 'Single', '2015-05-23', 'ARG', 101, 3, 44993,8999),
(10087, 'Jesus' ,'Trang', 'M' ,'jesus.trang@rimaztech.com', '1955-11-09', 67, 'Single', '2015-07-19', 'LI', 101, 3, 57201,6864),
(10115, 'Gabriel' ,'Robinson', 'M' ,'gabriel.robinson@rimaztech.com', '1983-04-27', 39, 'Widower', '2016-03-04', 'ARG', 101, 3, 42532,5529),
(10124, 'Sandra' ,'DiNocco', 'F' ,'sandra.dinocco@rimaztech.com', '1969-10-17', 53, 'Married', '2016-05-02', 'ARG', 101, 3, 59322,2966),
(10139, 'Maria' ,'Fernandes', 'F' ,'maria.fernandes@rimaztech.com', '1979-08-04', 43, 'Married', '2016-08-17', 'LI', 101, 3, 45093,4960),
(10158, 'Jose' ,'Harrison', 'M' ,'jose.harrison@rimaztech.com', '1979-04-18', 43, 'Married', '2017-01-18', 'ARG', 101, 3, 47101,7065),
(10164, 'Marina' ,'Saar-Beckles', 'F' ,'marina.saar-beckles@rimaztech.com', '1981-10-31', 41, 'Single', '2017-03-04', 'LI', 101, 3, 52618,2631),
(10198, 'Gabriela' ,'Desimone', 'F' ,'gabriela.desimone@rimaztech.com', '1991-01-23', 32, 'Married', '2017-10-26', 'URU', 101, 3, 50551,6066),
(10192, 'Rosana' ,'Rivera', 'F' ,'rosana.rivera@rimaztech.com', '1951-05-31', 71, 'Married', '2017-09-20', 'LI', 101, 3, 64714,3530),
(10209, 'Evelyn' ,'Girifalco', 'F' ,'evelyn.girifalco@rimaztech.com', '1956-05-30', 66, 'Single', '2018-02-20', 'ARG', 101, 3, 53835,4405),
(10227, 'Brenda' ,'Robinson', 'F' ,'brenda.robinson@rimaztech.com', '1961-09-20', 61, 'Married', '2018-06-20', 'LI', 101, 3, 55679,5568),
(10232, 'Linda' ,'Anderson', 'F' ,'linda.anderson@rimaztech.com', '1982-04-01', 40, 'Single', '2018-08-19', 'LI', 101, 3, 45855,2918),
(10248, 'Constanza' ,'Volk', 'F' ,'constanza.volk@rimaztech.com', '1961-07-25', 61, 'Married', '2018-12-08', 'ARG', 101, 3, 64580,11742),
(10271, 'Jose Luis' ,'Clukey', 'M' ,'jose luis.clukey@rimaztech.com', '1986-06-02', 36, 'Married', '2019-05-14', 'ARG', 101, 3, 47500,68039),
(10300, 'Helena' ,'Billis', 'F' ,'helena.billis@rimaztech.com', '1982-02-11', 41, 'Married', '2019-10-31', 'URU', 101, 3, 60496,0),
(10265, 'Lara' ,'Ngodup', 'F' ,'lara.ngodup@rimaztech.com', '1959-07-28', 63, 'Partners', '2019-04-06', 'URU', 101, 3, 63096,7280),
(10269, 'Abel' ,'Osturnka', 'M' ,'abel.osturnka@rimaztech.com', '1966-09-04', 56, 'Married', '2019-05-09', 'URU', 101, 3, 75040,4618),
(10011, 'Maria' ,'Jeannite', 'F' ,'maria.jeannite@rimaztech.com', '1959-01-31', 64, 'Divorced', '2014-04-13', 'LI', 102, 3, 61297,3678),
(10045, 'Victor' ,'Monroe', 'M' ,'victor.monroe@rimaztech.com', '1958-03-03', 65, 'Married', '2014-11-27', 'URU', 103, 2, 84696,11010),
(10047, 'Christian' ,'Erilus', 'M' ,'christian.erilus@rimaztech.com', '1958-12-01', 64, 'Partners', '2014-12-05', 'ARG', 102, 3, 66207,5297),
(10057, 'Luis' ,'Dougall', 'M' ,'luis.dougall@rimaztech.com', '1990-08-08', 32, 'Single', '2014-12-29', 'ARG', 104, 2, 83993,10079),
(10080, 'Pedro' ,'Zamora', 'M' ,'pedro.zamora@rimaztech.com', '1975-06-02', 47, 'Single', '2015-06-09', 'URU', 105, 5, 102280,20456),
(10086, 'Edmundo' ,'Lindsay', 'M' ,'edmundo.lindsay@rimaztech.com', '1955-07-17', 67, 'Single', '2015-07-12', 'LI', 106, 2, 35423,1771),
(10092, 'Ruben' ,'Riordan', 'M' ,'ruben.riordan@rimaztech.com', '1987-01-19', 36, 'Partners', '2015-08-31', 'ARG', 107, 4, 78733,11810),
(10095, 'Patricia' ,'Lunquist', 'F' ,'patricia.lunquist@rimaztech.com', '1974-07-11', 48, 'Single', '2015-10-23', 'ARG', 102, 3, 62470,4373),
(10096, 'David' ,'Prater', 'M' ,'david.prater@rimaztech.com', '1975-03-30', 47, 'Married', '2015-10-30', 'LI', 108, 4, 42000,4141),
(10123, 'Jorge' ,'Smith', 'M' ,'jorge.smith@rimaztech.com', '1961-01-18', 62, 'Divorced', '2016-04-29', 'URU', 108, 4, 39500,8247),
(10140, 'Pablo' ,'Liebig', 'M' ,'pablo.liebig@rimaztech.com', '1968-05-30', 54, 'Married', '2016-08-20', 'ARG', 109, 3, 94549,15128),
(10145, 'Ivan' ,'Johnston', 'M' ,'ivan.johnston@rimaztech.com', '1958-03-30', 64, 'Single', '2016-10-25', 'URU', 102, 3, 67431,10789),
(10159, 'Sergio' ,'Butler', 'M' ,'sergio.butler@rimaztech.com', '1968-04-11', 54, 'Single', '2017-01-25', 'ARG', 109, 3, 83744,6700),
(10161, 'Laura' ,'Petrowsky', 'F' ,'laura.petrowsky@rimaztech.com', '1977-04-27', 45, 'Married', '2017-02-16', 'ARG', 110, 2, 58908,9425),
(10170, 'Ariana' ,'Murray', 'F' ,'ariana.murray@rimaztech.com', '1978-05-10', 44, 'Divorced', '2017-03-29', 'URU', 110, 2, 64419,6442),
(10186, 'Lucas' ,'Immediato', 'M' ,'lucas.immediato@rimaztech.com', '1977-01-09', 46, 'Married', '2017-07-09', 'URU', 109, 3, 96939,10663),
(10193, 'Delfina' ,'Stanley', 'F' ,'delfina.stanley@rimaztech.com', '1969-12-23', 53, 'Divorced', '2017-10-08', 'LI', 109, 3, 81352,13830),
(10201, 'Mercedes' ,'Winthrop', 'F' ,'mercedes.winthrop@rimaztech.com', '1970-07-19', 52, 'Single', '2017-12-06', 'LI', 102, 3, 74563,12676),
(10203, 'Ezequiel' ,'Beak', 'M' ,'ezequiel.beak@rimaztech.com', '1979-11-04', 43, 'Married', '2017-12-23', 'ARG', 102, 3, 80583,12893),
(10180, 'Hector' ,'Monterro', 'M' ,'hector.monterro@rimaztech.com', '1986-06-02', 36, 'Single', '2017-05-05', 'URU', 102, 3, 82557,12008),
(10188, 'Marina' ,'Exantus', 'F' ,'marina.exantus@rimaztech.com', '1955-12-14', 67, 'Married', '2017-08-16', 'URU', 111, 2, 88448,5628),
(10206, 'Carlos' ,'Merlos', 'M' ,'carlos.merlos@rimaztech.com', '1989-08-31', 33, 'Single', '2018-01-16', 'LI', 112, 2, 47897,6967),
(10213, 'Juan' ,'Foss', 'M' ,'juan.foss@rimaztech.com', '1966-02-14', 57, 'Single', '2018-03-18', 'ARG', 113, 5, 140390,24249),
(10231, 'Andres' ,'Szabo', 'M' ,'andres.szabo@rimaztech.com', '1963-02-26', 60, 'Single', '2018-08-12', 'ARG', 111, 2, 77393,4925),
(10235, 'Jose Luis' ,'Bramante', 'M' ,'jose luis.bramante@rimaztech.com', '1956-06-17', 66, 'Single', '2018-08-23', 'LI', 114, 5, 163788,23824),
(10243, 'Nestor' ,'Miller', 'M' ,'nestor.miller@rimaztech.com', '1978-07-28', 44, 'Single', '2018-09-29', 'LI', 102, 3, 63507,7505),
(10270, 'Joe' ,'Smith', 'M' ,'joe.smith@rimaztech.com', '1992-06-16', 30, 'Single', '2019-05-12', 'ARG', 102, 3, 37500,104928),
(10309, 'Dianna' ,'Blount', 'F' ,'dianna.blount@rimaztech.com', '1953-07-28', 69, 'Single', '2019-12-30', 'LI', 102, 3, 37500,81237),
(10002, 'Ricardo' ,'LeBlanc', 'M' ,'ricardo.leblanc@rimaztech.com', '1986-04-24', 36, 'Married', '2014-01-08', 'ARG', 115, 1, 106344,5317),
(10006, 'Juan' ,'King', 'M' ,'juan.king@rimaztech.com', '1953-10-14', 69, 'Married', '2014-02-02', 'ARG', 116, 5, 167230,10034),
(10013, 'Luis' ,'LaRotonda', 'M' ,'luis.larotonda@rimaztech.com', '1977-10-13', 45, 'Divorced', '2014-04-18', 'LI', 117, 1, 42855,6428),
(10017, 'Cristian' ,'Daneault', 'M' ,'cristian.daneault@rimaztech.com', '1990-06-07', 32, 'Single', '2014-05-13', 'LI', 118, 4, 83190,13310),
(10019, 'Leonardo' ,'Albert', 'M' ,'leonardo.albert@rimaztech.com', '1958-10-01', 64, 'Divorced', '2014-06-10', 'LI', 109, 3, 83634,8363),
(10021, 'Karina' ,'Howard', 'F' ,'karina.howard@rimaztech.com', '1960-08-24', 62, 'Married', '2014-06-21', 'ARG', 108, 1, 34381,4813),
(10034, 'Sergio' ,'Houlihan', 'M' ,'sergio.houlihan@rimaztech.com', '1970-08-06', 52, 'Married', '2014-09-04', 'LI', 119, 5, 150757,16583),
(10035, 'Daniel' ,'Givens', 'M' ,'daniel.givens@rimaztech.com', '1987-09-02', 35, 'Single', '2014-09-17', 'URU', 107, 4, 100680,8054),
(10039, 'Laura' ,'Boutwell', 'F' ,'laura.boutwell@rimaztech.com', '1979-08-29', 43, 'Married', '2014-09-29', 'ARG', 120, 1, 76874,12300),
(10041, 'Laura' ,'Nguyen', 'F' ,'laura.nguyen@rimaztech.com', '1974-11-13', 48, 'Single', '2014-10-13', 'ARG', 108, 4, 42000,10218),
(10052, 'Santiago' ,'Foster-Baker', 'M' ,'santiago.foster-baker@rimaztech.com', '1964-08-23', 58, 'Married', '2014-12-14', 'LI', 120, 1, 74904,5243),
(10066, 'Carla' ,'Brown', 'F' ,'carla.brown@rimaztech.com', '1964-11-16', 58, 'Married', '2015-03-07', 'LI', 117, 1, 57460,9194),
(10099, 'Marcos' ,'Leruth', 'M' ,'marcos.leruth@rimaztech.com', '1966-02-26', 57, 'Partners', '2015-11-19', 'ARG', 108, 4, 42100,11663),
(10101, 'Ayelen' ,'Dunn', 'F' ,'ayelen.dunn@rimaztech.com', '1984-06-10', 38, 'Single', '2015-11-20', 'ARG', 109, 3, 100481,12058),
(10103, 'Belen' ,'Spirea', 'F' ,'belen.spirea@rimaztech.com', '1952-10-12', 70, 'Married', '2015-12-08', 'ARG', 109, 3, 106644,11731),
(10104, 'Enrique' ,'Onque', 'M' ,'enrique.onque@rimaztech.com', '1960-07-29', 62, 'Single', '2015-12-09', 'ARG', 108, 4, 46000,18187),
(10112, 'Fernando' ,'McKinzie', 'M' ,'fernando.mckinzie@rimaztech.com', '1961-04-12', 61, 'Married', '2016-02-29', 'URU', 108, 4, 43050,6623),
(10131, 'Marina' ,'Smith', 'F' ,'marina.smith@rimaztech.com', '1951-10-03', 71, 'Married', '2016-07-19', 'LI', 108, 1, 34948,6291),
(10137, 'Nicolas' ,'Quinn', 'M' ,'nicolas.quinn@rimaztech.com', '1976-08-06', 46, 'Married', '2016-08-06', 'LI', 115, 1, 78453,3923),
(10141, 'Denise' ,'Digitale', 'F' ,'denise.digitale@rimaztech.com', '1989-05-27', 33, 'Married', '2016-09-26', 'ARG', 108, 4, 43050,13337),
(10148, 'Luis' ,'Wallace', 'M' ,'luis.wallace@rimaztech.com', '1972-06-21', 50, 'Married', '2016-11-16', 'URU', 109, 3, 80231,12035),
(10171, 'Pablo' ,'Carter', 'M' ,'pablo.carter@rimaztech.com', '1988-01-31', 35, 'Single', '2017-04-01', 'ARG', 108, 4, 42000,4141),
(10175, 'María' ,'Valentin', 'F' ,'maría.valentin@rimaztech.com', '1984-11-01', 38, 'Married', '2017-04-15', 'LI', 108, 4, 42100,11663),
(10176, 'Pedro' ,'Gonzales', 'M' ,'pedro.gonzales@rimaztech.com', '1974-02-17', 49, 'Married', '2017-04-22', 'LI', 108, 4, 46000,18187),
(10179, 'Pablo' ,'Champaigne', 'M' ,'pablo.champaigne@rimaztech.com', '1966-08-22', 56, 'Married', '2017-05-05', 'ARG', 121, 5, 156605,12528),
(10185, 'Lucas' ,'Khemmich', 'M' ,'lucas.khemmich@rimaztech.com', '1986-03-14', 36, 'Single', '2017-07-02', 'URU', 108, 4, 43050,6623),
(10189, 'Fernando' ,'Steans', 'M' ,'fernando.steans@rimaztech.com', '1958-06-04', 64, 'Single', '2017-08-20', 'ARG', 117, 1, 51110,2556),
(10196, 'Natalia' ,'Terry', 'F' ,'natalia.terry@rimaztech.com', '1983-05-11', 39, 'Single', '2017-10-13', 'URU', 107, 4, 98456,19691),
(10200, 'Ramon' ,'Miller', 'M' ,'ramon.miller@rimaztech.com', '1970-04-22', 52, 'Single', '2017-12-02', 'URU', 109, 3, 101026,12123),
(10037, 'Solange' ,'Guilianno', 'F' ,'solange.guilianno@rimaztech.com', '1985-11-29', 37, 'Single', '2018-09-25', 'LI', 108, 4, 42000,4914),
(10214, 'Pedro' ,'Villanueva', 'M' ,'pedro.villanueva@rimaztech.com', '1978-04-09', 44, 'Single', '2018-03-30', 'LI', 107, 4, 79188,11015),
(10228, 'Eduardo' ,'Buck', 'M' ,'eduardo.buck@rimaztech.com', '1988-04-06', 34, 'Married', '2018-08-10', 'LI', 107, 4, 97788,6359),
(10284, 'Nadia' ,'Singh', 'F' ,'nadia.singh@rimaztech.com', '1991-03-07', 32, 'Single', '2019-07-21', 'URU', 108, 1, 37500,46584),
(10289, 'Gerry' ,'Friedman', 'M' ,'gerry.friedman@rimaztech.com', '1965-08-18', 57, 'Single', '2018-08-10', 'ARG', 107, 4, 98456,5320),
(10294, 'Carina' ,'Strong', 'F' ,'carina.strong@rimaztech.com', '1977-11-14', 45, 'Married', '2018-08-10', 'LI', 108, 4, 63020,6359),
(10295, 'Mirko' ,'Fraval', 'M' ,'mirko.fraval@rimaztech.com', '1969-10-17', 53, 'Single', '2017-10-13', 'LI', 107, 4, 61020,6359),
(10307, 'Travis' ,'Ozark', 'M' ,'travis.ozark@rimaztech.com', '1954-02-18', 69, 'Single', '2017-04-22', 'URU', 107, 4, 147174,6359),
(10251, 'Ignacio' ,'Gray', 'M' ,'ignacio.gray@rimaztech.com', '1958-05-19', 64, 'Divorced', '2019-01-02', 'ARG', 109, 3, 118552,11855),
(10255, 'Dana' ,'Potts', 'F' ,'dana.potts@rimaztech.com', '1986-05-18', 36, 'Married', '2019-01-15', 'LI', 107, 4, 109200,15120),
(10257, 'Laura' ,'Sullivan', 'F' ,'laura.sullivan@rimaztech.com', '1971-04-05', 51, 'Married', '2019-02-02', 'LI', 109, 3, 121070,7450),
(10260, 'Mariano' ,'Martins', 'M' ,'mariano.martins@rimaztech.com', '1958-03-08', 65, 'Single', '2019-02-22', 'LI', 108, 4, 72000,16888),
(10008, 'Martina' ,'Warfield', 'F' ,'martina.warfield@rimaztech.com', '1957-04-24', 65, 'Widower', '2014-02-08', 'URU', 122, 2, 62198,11196),
(10014, 'Diego' ,'Semizoglou', 'M' ,'diego.semizoglou@rimaztech.com', '1989-09-29', 33, 'Married', '2014-04-21', 'URU', 122, 2, 58883,4122),
(10022, 'Maria' ,'Shepard', 'F' ,'maria.shepard@rimaztech.com', '1983-07-06', 39, 'Married', '2014-06-27', 'URU', 112, 2, 42782,8129),
(10025, 'Javier' ,'Rogers', 'M' ,'javier.rogers@rimaztech.com', '1952-01-08', 71, 'Married', '2014-08-04', 'LI', 110, 2, 63200,10112),
(10032, 'Monica' ,'Horton', 'F' ,'monica.horton@rimaztech.com', '1962-06-04', 60, 'Single', '2014-08-31', 'ARG', 123, 2, 80618,12093),
(10058, 'Mirta' ,'Hubert', 'F' ,'mirta.hubert@rimaztech.com', '1979-01-24', 44, 'Married', '2015-01-08', 'ARG', 124, 2, 62017,6822),
(10063, 'Juana' ,'Tredinnick', 'F' ,'juana.tredinnick@rimaztech.com', '1991-06-01', 31, 'Married', '2015-02-15', 'URU', 112, 2, 51895,6746),
(10073, 'Mariel' ,'Dolan', 'F' ,'mariel.dolan@rimaztech.com', '1971-06-29', 51, 'Married', '2015-05-07', 'ARG', 106, 2, 34787,4870),
(10076, 'Jose' ,'Bacong', 'M' ,'jose.bacong@rimaztech.com', '1984-03-13', 38, 'Divorced', '2015-05-14', 'LI', 106, 2, 39648,3965),
(10078, 'Luciano' ,'Roby', 'M' ,'luciano.roby@rimaztech.com', '1961-09-07', 61, 'Married', '2015-06-04', 'ARG', 110, 2, 82325,10702),
(10082, 'Diego' ,'Navathe', 'M' ,'diego.navathe@rimaztech.com', '1969-07-30', 53, 'Single', '2015-06-18', 'URU', 125, 2, 69607,9049),
(10083, 'Ruben' ,'Salter', 'M' ,'ruben.salter@rimaztech.com', '1952-01-18', 71, 'Divorced', '2015-06-20', 'LI', 110, 2, 66454,7310),
(10085, 'Sebastian' ,'Roup', 'M' ,'sebastian.roup@rimaztech.com', '1970-07-29', 52, 'Single', '2015-06-29', 'LI', 126, 2, 92019,11962),
(10094, 'Jose' ,'Saada', 'M' ,'jose.saada@rimaztech.com', '1988-03-05', 35, 'Married', '2015-09-30', 'LI', 111, 2, 67523,9453),
(10114, 'Ezequiel' ,'Martin', 'M' ,'ezequiel.martin@rimaztech.com', '1958-03-08', 65, 'Single', '2016-03-01', 'URU', 111, 2, 64209,6421),
(10122, 'Hector' ,'Ait Sidi', 'M' ,'hector.ait sidi@rimaztech.com', '1979-07-11', 43, 'Married', '2016-04-27', 'ARG', 127, 2, 77634,13974),
(10126, 'Daniel' ,'Wang', 'M' ,'daniel.wang@rimaztech.com', '1989-11-15', 33, 'Single', '2016-05-28', 'ARG', 125, 2, 67598,4732),
(10130, 'Diego' ,'Del Bosque', 'M' ,'diego.del bosque@rimaztech.com', '1977-12-12', 45, 'Single', '2016-07-02', 'URU', 111, 2, 64606,5168),
(10133, 'Ana' ,'Turpin', 'F' ,'ana.turpin@rimaztech.com', '1983-04-26', 39, 'Married', '2016-07-30', 'URU', 112, 2, 50910,6109),
(10138, 'Juan' ,'Sweetwater', 'M' ,'juan.sweetwater@rimaztech.com', '1981-12-08', 41, 'Single', '2016-08-13', 'URU', 128, 2, 89572,8957),
(10142, 'Delfina' ,'Gonzalez', 'F' ,'delfina.gonzalez@rimaztech.com', '1957-09-20', 65, 'Partners', '2016-09-29', 'ARG', 106, 2, 39884,4387),
(10150, 'Ana' ,'Le', 'F' ,'ana.le@rimaztech.com', '1956-12-03', 66, 'Single', '2016-11-25', 'ARG', 125, 2, 72828,9468),
(10172, 'Claudio' ,'Becker', 'M' ,'claudio.becker@rimaztech.com', '1958-02-22', 65, 'Single', '2017-04-05', 'ARG', 123, 2, 59745,2987),
(10183, 'Javier' ,'Roehrich', 'M' ,'javier.roehrich@rimaztech.com', '1991-10-13', 31, 'Single', '2017-06-13', 'URU', 129, 2, 89566,8957),
(10184, 'Leandro' ,'Clayton', 'M' ,'leandro.clayton@rimaztech.com', '1983-01-26', 40, 'Single', '2017-06-15', 'LI', 106, 2, 36397,6187),
(10204, 'Alberto' ,'Soto', 'M' ,'alberto.soto@rimaztech.com', '1956-09-21', 66, 'Married', '2017-12-30', 'LI', 106, 2, 30178,1509),
(10223, 'Julia' ,'Zhou', 'F' ,'julia.zhou@rimaztech.com', '1956-01-10', 67, 'Single', '2018-05-28', 'ARG', 110, 2, 85700,6233),
(10234, 'Tania' ,'Goble', 'F' ,'tania.goble@rimaztech.com', '1981-02-02', 42, 'Single', '2018-08-23', 'LI', 123, 2, 75897,10350),
(10237, 'Daniel' ,'Hernandez', 'M' ,'daniel.hernandez@rimaztech.com', '1977-08-27', 45, 'Married', '2018-08-27', 'LI', 123, 2, 86334,13342),
(10240, 'Marcelo' ,'Simard', 'M' ,'marcelo.simard@rimaztech.com', '1970-02-10', 53, 'Married', '2018-09-20', 'URU', 110, 2, 71937,3270),
(10249, 'Juan' ,'Smith', 'M' ,'juan.smith@rimaztech.com', '1985-10-25', 37, 'Single', '2018-12-23', 'ARG', 124, 2, 68094,10524),
(10275, 'Tanya' ,'Morway', 'F' ,'tanya.morway@rimaztech.com', '1992-11-22', 30, 'Married', '2019-05-28', 'ARG', 112, 2, 57890,77301),
(10277, 'Judith' ,'Carabbio', 'F' ,'judith.carabbio@rimaztech.com', '1964-09-01', 58, 'Single', '2019-06-02', 'ARG', 111, 2, 42750,102774),
(10278, 'Lisa' ,'Galia', 'F' ,'lisa.galia@rimaztech.com', '1965-08-10', 57, 'Single', '2019-06-05', 'ARG', 106, 2, 42750,49631),
(10287, 'Clara' ,'Andreola', 'F' ,'clara.andreola@rimaztech.com', '1986-08-31', 36, 'Single', '2019-08-02', 'LI', 111, 2, 37500,92717),
(10288, 'Antonio' ,'Cisco', 'M' ,'antonio.cisco@rimaztech.com', '1976-03-21', 46, 'Married', '2019-08-03', 'LI', 106, 2, 42000,49743),
(10293, 'Matias' ,'Westinghouse', 'M' ,'matias.westinghouse@rimaztech.com', '1960-02-02', 63, 'Married', '2019-08-30', 'LI', 124, 2, 92846,0),
(10305, 'Maggie' ,'Rachael', 'F' ,'maggie.rachael@rimaztech.com', '1987-12-04', 35, 'Married', '2019-12-03', 'URU', 124, 2, 94344,0),
(10252, 'Claudia' ,'Carr', 'F' ,'claudia.carr@rimaztech.com', '1987-09-05', 35, 'Single', '2019-01-07', 'URU', 127, 2, 104121,12815),
(10259, 'Maria' ,'Roper', 'F' ,'maria.roper@rimaztech.com', '1951-05-25', 71, 'Single', '2019-02-20', 'LI', 130, 2, 94624,9462),
(10264, 'Martín' ,'South', 'M' ,'martín.south@rimaztech.com', '1962-03-18', 60, 'Single', '2019-04-05', 'URU', 122, 2, 101559,4687),
(10036, 'Alejandra' ,'Hankard', 'F' ,'alejandra.hankard@rimaztech.com', '1968-06-28', 54, 'Single', '2014-09-22', 'LI', 102, 3, 68934,13787),
(10046, 'Claudio' ,'Lundy', 'M' ,'claudio.lundy@rimaztech.com', '1992-03-31', 30, 'Widower', '2014-12-04', 'LI', 102, 3, 80154,9618),
(10049, 'Nicolas' ,'Roberson', 'M' ,'nicolas.roberson@rimaztech.com', '1961-02-07', 62, 'Divorced', '2014-12-10', 'LI', 102, 3, 64469,8381),
(10053, 'Laura' ,'Hunts', 'F' ,'laura.hunts@rimaztech.com', '1967-09-22', 55, 'Single', '2014-12-16', 'ARG', 102, 3, 82478,4124),
(10068, 'Alejandro' ,'Hutter', 'M' ,'alejandro.hutter@rimaztech.com', '1991-05-13', 31, 'Partners', '2015-03-19', 'ARG', 102, 3, 76358,3818),
(10070, 'Tatiana' ,'Akinkuolie', 'F' ,'tatiana.akinkuolie@rimaztech.com', '1990-10-14', 32, 'Married', '2015-03-27', 'LI', 102, 3, 68278,4097),
(10072, 'Silvio' ,'McCarthy', 'M' ,'silvio.mccarthy@rimaztech.com', '1976-01-17', 47, 'Single', '2015-04-25', 'ARG', 102, 3, 73432,7343),
(10098, 'Gaston' ,'Moumanil', 'M' ,'gaston.moumanil@rimaztech.com', '1959-12-17', 63, 'Partners', '2015-11-16', 'LI', 102, 3, 61468,10450),
(10105, 'Emiliano' ,'Oliver', 'M' ,'emiliano.oliver@rimaztech.com', '1969-03-12', 53, 'Married', '2015-12-09', 'LI', 102, 3, 80309,7228),
(10110, 'Leandro' ,'Petingill', 'M' ,'leandro.petingill@rimaztech.com', '1980-02-23', 43, 'Married', '2016-02-08', 'ARG', 102, 3, 69797,9772),
(10121, 'Ludmila' ,'Foreman', 'F' ,'ludmila.foreman@rimaztech.com', '1955-11-08', 67, 'Married', '2016-04-21', 'ARG', 102, 3, 75696,5299),
(10127, 'Edith' ,'Burke', 'F' ,'edith.burke@rimaztech.com', '1990-01-03', 33, 'Single', '2016-05-29', 'ARG', 102, 3, 72918,8750),
(10132, 'Claudia' ,'Sahoo', 'F' ,'claudia.sahoo@rimaztech.com', '1961-05-16', 61, 'Married', '2016-07-20', 'ARG', 102, 3, 70159,11225),
(10135, 'Raul' ,'Burkett', 'M' ,'raul.burkett@rimaztech.com', '1985-06-21', 37, 'Married', '2016-08-02', 'ARG', 102, 3, 78148,6252),
(10146, 'Franco' ,'Nowlan', 'M' ,'franco.nowlan@rimaztech.com', '1971-03-08', 52, 'Single', '2016-10-31', 'LI', 102, 3, 69062,8978),
(10157, 'Jorge' ,'Woodson', 'M' ,'jorge.woodson@rimaztech.com', '1955-04-12', 67, 'Single', '2017-01-13', 'LI', 102, 3, 78048,14049),
(10177, 'Ernesto' ,'Wolk', 'M' ,'ernesto.wolk@rimaztech.com', '1983-12-25', 39, 'Single', '2017-04-23', 'ARG', 102, 3, 69982,11197),
(10190, 'Laura' ,'Cloninger', 'F' ,'laura.cloninger@rimaztech.com', '1952-05-06', 70, 'Married', '2017-09-06', 'URU', 102, 3, 75490,6039),
(10191, 'Romina' ,'Davis', 'F' ,'romina.davis@rimaztech.com', '1955-03-06', 68, 'Single', '2017-09-16', 'ARG', 102, 3, 60606,12121),
(10205, 'Laura' ,'Bondwell', 'F' ,'laura.bondwell@rimaztech.com', '1970-12-22', 52, 'Single', '2018-01-13', 'URU', 102, 3, 67456,9199),
(10217, 'Lisa' ,'Langford', 'F' ,'lisa.langford@rimaztech.com', '1964-05-22', 58, 'Divorced', '2018-04-09', 'URU', 102, 3, 68091,12380),
(10220, 'Pablo' ,'Robertson', 'M' ,'pablo.robertson@rimaztech.com', '1951-07-12', 71, 'Married', '2018-05-22', 'ARG', 102, 3, 87651,7171),
(10229, 'Constanza' ,'Sloan', 'F' ,'constanza.sloan@rimaztech.com', '1965-08-05', 57, 'Single', '2018-08-10', 'URU', 102, 3, 66701,5457),
(10238, 'Leonor' ,'Tejeda', 'F' ,'leonor.tejeda@rimaztech.com', '1968-01-19', 55, 'Married', '2018-09-08', 'LI', 102, 3, 68646,10609),
(10241, 'Ana' ,'Manchester', 'F' ,'ana.manchester@rimaztech.com', '1980-01-06', 43, 'Married', '2018-09-26', 'URU', 102, 3, 78599,5002),
(10242, 'Carla' ,'Demita', 'F' ,'carla.demita@rimaztech.com', '1985-07-06', 37, 'Partners', '2018-09-27', 'LI', 102, 3, 80785,7344),
(10244, 'Jose' ,'Buccheri', 'M' ,'jose.buccheri@rimaztech.com', '1976-09-10', 46, 'Single', '2018-09-30', 'URU', 102, 3, 86618,6300),
(10246, 'Mirna' ,'Huynh', 'F' ,'mirna.huynh@rimaztech.com', '1951-03-29', 71, 'Divorced', '2018-10-17', 'ARG', 102, 3, 84542,5380),
(10291, 'Nicole' ,'Fancett', 'F' ,'nicole.fancett@rimaztech.com', '1967-11-28', 55, 'Single', '2019-08-21', 'URU', 102, 3, 104806,0),
(10254, 'Agustín' ,'Walker', 'M' ,'agustín.walker@rimaztech.com', '1988-05-28', 34, 'Single', '2019-01-13', 'LI', 102, 3, 93639,12245),
(10256, 'Marisa' ,'Faller', 'F' ,'marisa.faller@rimaztech.com', '1951-02-19', 72, 'Married', '2019-01-24', 'URU', 102, 3, 84535,3251),
(10266, 'Baltazar' ,'Monkfish', 'M' ,'baltazar.monkfish@rimaztech.com', '1980-01-05', 43, 'Married', '2019-04-11', 'LI', 102, 3, 100831,6205),
(10004, 'Martin' ,'Evensen', 'M' ,'martin.evensen@rimaztech.com', '1964-06-04', 58, 'Single', '2014-01-24', 'URU', 101, 3, 45849,8253),
(10010, 'Cristian' ,'Bugali', 'M' ,'cristian.bugali@rimaztech.com', '1960-03-27', 62, 'Partners', '2014-04-10', 'URU', 101, 3, 44954,3147),
(10012, 'Ana' ,'Jung', 'F' ,'ana.jung@rimaztech.com', '1951-12-07', 71, 'Married', '2014-04-16', 'ARG', 101, 3, 42683,3415),
(10016, 'Guillermo' ,'Bachiochi', 'M' ,'guillermo.bachiochi@rimaztech.com', '1959-05-21', 63, 'Single', '2014-05-09', 'LI', 101, 3, 55491,3329),
(10020, 'Iris' ,'Linares', 'F' ,'iris.linares@rimaztech.com', '1959-05-06', 63, 'Married', '2014-06-12', 'ARG', 101, 3, 43864,7018),
(10026, 'Ana' ,'Goyal', 'F' ,'ana.goyal@rimaztech.com', '1980-05-14', 42, 'Married', '2014-08-08', 'LI', 101, 3, 58969,2948),
(10031, 'Barney' ,'Favis', 'M' ,'barney.favis@rimaztech.com', '1983-07-22', 39, 'Single', '2014-08-28', 'ARG', 131, 2, 72142,14428),
(10056, 'Jose' ,'Panjwani', 'M' ,'jose.panjwani@rimaztech.com', '1980-10-31', 42, 'Married', '2014-12-28', 'URU', 101, 3, 48428,5811),
(10064, 'Gaston' ,'Wallace', 'M' ,'gaston.wallace@rimaztech.com', '1964-12-05', 58, 'Single', '2015-02-22', 'ARG', 101, 3, 50984,5098),
(10069, 'Yamila' ,'Peters', 'F' ,'yamila.peters@rimaztech.com', '1955-08-26', 67, 'Married', '2015-03-24', 'LI', 102, 3, 57175,7433),
(10074, 'Danilo' ,'Moran', 'M' ,'danilo.moran@rimaztech.com', '1962-06-24', 60, 'Single', '2015-05-08', 'ARG', 102, 3, 69643,8357),
(10089, 'Mirta' ,'Newman', 'F' ,'mirta.newman@rimaztech.com', '1954-05-31', 68, 'Married', '2015-08-16', 'ARG', 101, 3, 50193,9537),
(10093, 'Micaela' ,'Baczenski', 'F' ,'micaela.baczenski@rimaztech.com', '1987-02-19', 36, 'Married', '2015-08-31', 'URU', 101, 3, 56130,11226),
(10097, 'Alejandra' ,'Lajiri', 'F' ,'alejandra.lajiri@rimaztech.com', '1975-06-26', 47, 'Married', '2015-11-07', 'URU', 122, 2, 77770,15554),
(10107, 'Maria' ,'Bono', 'F' ,'maria.bono@rimaztech.com', '1989-02-18', 34, 'Single', '2016-01-13', 'LI', 111, 2, 67571,4054),
(10108, 'Santiago' ,'Pearson', 'M' ,'santiago.pearson@rimaztech.com', '1984-09-23', 38, 'Married', '2016-01-24', 'URU', 110, 2, 66377,13275),
(10129, 'Luz' ,'Chivukula', 'F' ,'luz.chivukula@rimaztech.com', '1981-08-11', 41, 'Single', '2016-06-30', 'ARG', 101, 3, 44750,7608),
(10134, 'Martin' ,'Bunbury', 'M' ,'martin.bunbury@rimaztech.com', '1961-02-25', 62, 'Married', '2016-08-01', 'URU', 108, 4, 43050,10178),
(10151, 'Jimena' ,'Kampew', 'F' ,'jimena.kampew@rimaztech.com', '1988-10-11', 34, 'Single', '2016-12-06', 'URU', 118, 4, 83190,17302),
(10154, 'Lili' ,'Pelech', 'F' ,'lili.pelech@rimaztech.com', '1964-09-01', 58, 'Single', '2016-12-28', 'LI', 101, 3, 53209,7449),
(10162, 'Paula' ,'Johnson', 'F' ,'paula.johnson@rimaztech.com', '1980-07-08', 42, 'Married', '2017-02-20', 'LI', 123, 2, 60928,10967),
(10165, 'Yessica' ,'Rhoads', 'F' ,'yessica.rhoads@rimaztech.com', '1986-05-12', 36, 'Divorced', '2017-03-07', 'ARG', 101, 3, 59353,4748),
(10168, 'Ciro' ,'Leach', 'M' ,'ciro.leach@rimaztech.com', '1979-07-09', 43, 'Single', '2017-03-20', 'URU', 101, 3, 41367,6205),
(10169, 'Estela' ,'Sadki', 'F' ,'estela.sadki@rimaztech.com', '1953-05-31', 69, 'Single', '2017-03-24', 'LI', 101, 3, 59132,4139),
(10187, 'Ana' ,'Costa', 'F' ,'ana.costa@rimaztech.com', '1960-04-12', 62, 'Single', '2017-07-13', 'LI', 107, 4, 79188,15046),
(10195, 'Analia' ,'Mullaney', 'F' ,'analia.mullaney@rimaztech.com', '1962-09-07', 60, 'Single', '2017-10-13', 'URU', 107, 4, 97788,15646),
(10197, 'Gisela' ,'Sewkumar', 'F' ,'gisela.sewkumar@rimaztech.com', '1958-04-24', 64, 'Single', '2017-10-22', 'ARG', 101, 3, 53674,5904),
(10208, 'Marcelo' ,'Hogland', 'M' ,'marcelo.hogland@rimaztech.com', '1972-05-16', 50, 'Married', '2018-02-05', 'URU', 109, 3, 88417,8038),
(10210, 'Luis' ,'Bozzi', 'M' ,'luis.bozzi@rimaztech.com', '1954-07-19', 68, 'Single', '2018-03-10', 'ARG', 109, 3, 89448,7318),
(10212, 'Lara' ,'Ferguson', 'F' ,'lara.ferguson@rimaztech.com', '1990-02-18', 33, 'Married', '2018-03-17', 'LI', 101, 3, 58917,10177),
(10216, 'Susana' ,'Good', 'F' ,'susana.good@rimaztech.com', '1989-05-20', 33, 'Married', '2018-04-07', 'ARG', 102, 3, 66315,8440),
(10218, 'Clara' ,'Harrington', 'F' ,'clara.harrington@rimaztech.com', '1965-05-18', 57, 'Single', '2018-04-14', 'URU', 101, 3, 59811,4894),
(10222, 'Marta' ,'Eaton', 'F' ,'marta.eaton@rimaztech.com', '1976-02-17', 47, 'Married', '2018-05-26', 'URU', 101, 3, 47003,5982),
(10230, 'Jorge' ,'Fitzpatrick', 'M' ,'jorge.fitzpatrick@rimaztech.com', '1968-02-14', 55, 'Single', '2018-08-12', 'URU', 102, 3, 89628,5704),
(10233, 'Ana' ,'Daniele', 'F' ,'ana.daniele@rimaztech.com', '1965-07-19', 57, 'Married', '2018-08-20', 'LI', 122, 2, 77897,6373),
(10236, 'Diego' ,'Thibaud', 'M' ,'diego.thibaud@rimaztech.com', '1981-09-08', 41, 'Widower', '2018-08-26', 'LI', 102, 3, 64012,11057),
(10245, 'Dario' ,'Becker', 'M' ,'dario.becker@rimaztech.com', '1976-01-18', 47, 'Single', '2018-10-07', 'LI', 101, 3, 57357,9907),
(10273, 'Martina' ,'Pelletier', 'F' ,'martina.pelletier@rimaztech.com', '1973-01-30', 50, 'Married', '2019-05-21', 'ARG', 102, 3, 37500,91438),
(10276, 'Karina' ,'Mancuso', 'F' ,'karina.mancuso@rimaztech.com', '1988-08-09', 34, 'Married', '2019-05-30', 'LI', 102, 3, 42800,75919),
(10279, 'Adriana' ,'Homberger', 'F' ,'adriana.homberger@rimaztech.com', '1960-03-13', 62, 'Married', '2019-06-28', 'LI', 102, 3, 42800,77856),
(10280, 'Roberto' ,'Ndzi', 'M' ,'roberto.ndzi@rimaztech.com', '1961-02-06', 62, 'Married', '2019-07-01', 'LI', 101, 3, 52500,73927),
(10281, 'Rosana' ,'Kirill', 'F' ,'rosana.kirill@rimaztech.com', '1992-11-08', 30, 'Married', '2019-07-03', 'ARG', 101, 3, 62750,55614),
(10283, 'Mathew' ,'Linden', 'M' ,'mathew.linden@rimaztech.com', '1991-11-14', 31, 'Married', '2019-07-19', 'LI', 102, 3, 37500,89103),
(10290, 'Trina' ,'Hendrickson', 'F' ,'trina.hendrickson@rimaztech.com', '1952-03-20', 70, 'Single', '2019-08-20', 'ARG', 102, 3, 92010,0),
(10298, 'Carla' ,'Lydon', 'F' ,'carla.lydon@rimaztech.com', '1969-05-03', 53, 'Married', '2019-10-19', 'URU', 101, 3, 77329,0),
(10301, 'Alicia' ,'Gosciminski', 'F' ,'alicia.gosciminski@rimaztech.com', '1966-12-06', 56, 'Partners', '2019-11-03', 'LI', 102, 3, 76843,0),
(10302, 'Carol' ,'Anderson', 'F' ,'carol.anderson@rimaztech.com', '1977-11-21', 45, 'Divorced', '2019-11-14', 'URU', 101, 3, 65157,0),
(10303, 'Abel' ,'Veera', 'M' ,'abel.veera@rimaztech.com', '1956-08-13', 66, 'Divorced', '2019-11-26', 'ARG', 101, 3, 77822,0),
(10306, 'Jenna' ,'Dietrich', 'F' ,'jenna.dietrich@rimaztech.com', '1984-05-19', 38, 'Single', '2016-09-26', 'URU', 107, 4, 96050,6359),
(10258, 'Agustín' ,'Patronick', 'M' ,'agustín.patronick@rimaztech.com', '1951-01-10', 72, 'Single', '2019-02-02', 'URU', 111, 2, 103124,10312),
(10261, 'Paula' ,'Gross', 'F' ,'paula.gross@rimaztech.com', '1957-01-29', 66, 'Divorced', '2019-02-23', 'ARG', 101, 3, 70714,9791),
(10262, 'Juan' ,'LeBel', 'M' ,'juan.lebel@rimaztech.com', '1964-04-18', 58, 'Single', '2019-03-30', 'LI', 101, 3, 60011,6001),
(10263, 'Pedro' ,'Barton', 'M' ,'pedro.barton@rimaztech.com', '1984-05-23', 38, 'Divorced', '2019-04-03', 'LI', 101, 3, 64238,2471)
;
